{
  "1_baseline": 0.7416666666666667,
  "2_relu": 0.2,
  "3_lr_bajo": 0.525,
  "4_profunda": 0.18333333333333332,
  "5_mas_epochs": 0.9416666666666667,
  "6_batch_16": 0.9166666666666666,
  "7_combinado": 0.9166666666666666
}